"all_count","a","b","npv","spend","npv_p","bdgt_id","all_name","dim"
1,49.3517157594828,1.22058920359234e-05,13.045523979,25150.495543,12.166221545427,"1",1,"1"
